PASITOS EDUCATION & HEALTH A.C. — Catálogo de Cursos Activos,,,,,,
,,,,,,
ID Curso,Nombre del Curso,Tipo / Formato,Duración (horas),Modalidad,Descripción,Estado
C-001,Puericultura,Capacitación Técnica,80,Presencial/Online,"Formación integral en cuidado, nutrición, desarrollo y salud del niño de 0 a 6 años. Avalado por la Secretaría de Prevención Social.",Activo
C-002,Asistente Educativo,Capacitación Técnica,80,Presencial/Online,Formación para personal de apoyo educativo en estancias infantiles y guarderías.,Activo
C-003,Primeros Auxilios Pediátricos,Taller Práctico,50,Presencial/Online,"Curso práctico de atención de emergencias médicas en niños: RCP, atragantamiento, fiebre, convulsiones y traslado seguro.",Activo
C-004,Estimulación Temprana,Taller Práctico,40,Presencial,"Actividades y técnicas de estimulación del desarrollo cognitivo, motor, lingüístico y socioemocional en niños de 0 a 5 años.",Activo
C-005,Terapia de Lenguaje para Cuidadores,Taller Práctico,30,Presencial,"Fundamentos de la comunicación infantil, detección de señales de alerta en el habla y estrategias de apoyo para cuidadores y educadores.",Activo
C-006,Apoyo Psicosocial y Crianza Positiva,Taller Práctico,20,Presencial,"Herramientas para la gestión emocional, resolución de conflictos y crianza con apego seguro. Dirigido a madres, padres y cuidadores.",Activo
C-007,Orientación Familiar para Cuidadores,Taller Práctico,15,Presencial,"Taller de acompañamiento para cuidadores principales: identificación de redes de apoyo, autocuidado y habilidades de comunicación asertiva.",Activo
